<?xml version="1.0" encoding="utf-8"?>
<UIView
    layout="
    flex:1,
    justifyContent:center,
    alignItems:center"
    attr="bgColor:white">
    <UIView layout="height:1,width:*50%" attr="bgColor:red"/>
    <FlexScrollView name="_scroll" layout="flex:1,width:100%,alignItems:center" attr="vertScroll:true">
        <UILabel name="_label" layout="marginTop:*20"
        attr="@:system/buttonText,text:You can run on iPhoneX,color:blue"/>
        
        <UILabel name="_label" layout="marginTop:20"
        attr="@:system/buttonText,text:@multilangdemo,linesNum:0,color:blue"/>
        
        <UIView layout="width:100%,flexDirection:row,justifyContent:space-around">
            <FlexTouchView onPress="onControls" layout="@:system/button" attr="@:system/buttonAttr">
                <UILabel
                attr="@:system/buttonText,text:Controls"/>
            </FlexTouchView>
            <FlexTouchView onPress="onTestTable:" layout="@:system/button" attr="@:system/buttonAttr">
                <UILabel
                attr="@:system/buttonText,text:TableView"/>
            </FlexTouchView>
        </UIView>
        <UIView layout="width:100%,flexDirection:row,justifyContent:space-around">
            <FlexTouchView onPress="onTestScrollView:" layout="@:system/button" attr="@:system/buttonAttr">
                <UILabel
                attr="@:system/buttonText,text:ScrollView"/>
            </FlexTouchView>
            <FlexTouchView onPress="onTestModalView:" layout="@:system/button" attr="@:system/buttonAttr">
                <UILabel
                attr="@:system/buttonText,text:ModalView"/>
            </FlexTouchView>
        </UIView>

        <UIView layout="width:100%,flexDirection:row,justifyContent:space-around">
            <FlexTouchView onPress="onTestLoginView:" layout="@:system/button" attr="@:system/buttonAttr">
                <UILabel
                attr="@:system/buttonText,text:FlexTouchView"/>
            </FlexTouchView>
            <FlexTouchView onPress="onCollectionView" layout="@:system/button" attr="@:system/buttonAttr">
                <UILabel
                attr="@:system/buttonText,text:CollectionView"/>
            </FlexTouchView>
        </UIView>

       <UIView layout="width:100%,flexDirection:row,justifyContent:space-around">
            <FlexTouchView onPress="onTextView:" layout="@:system/button" attr="@:system/buttonAttr">
                <UILabel
                attr="@:system/buttonText,text:Forms"/>
            </FlexTouchView>
            <FlexTouchView onPress="onViewLayouts:" layout="@:system/button" attr="@:system/buttonAttr">
                <UILabel
                attr="@:system/buttonText,text:Layouts"/>
            </FlexTouchView>
        </UIView>

       <UIView layout="width:100%,flexDirection:row,justifyContent:space-around">
            <FlexTouchView onPress="onFrameVC" layout="@:system/button" attr="@:system/buttonAttr">
                <UILabel
                attr="@:system/buttonText,text:FrameVC"/>
            </FlexTouchView>
            <FlexTouchView onPress="onExplorerFlex" layout="@:system/button" attr="@:system/buttonAttr">
                <UILabel
                attr="@:system/buttonText,text:Online Flex Explorer"/>
            </FlexTouchView>
        </UIView>

       <UIView layout="width:100%,flexDirection:row,justifyContent:space-around">
           <FlexTouchView onPress="onFrameView" layout="@:system/button" attr="@:system/buttonAttr">
               <UILabel
               attr="@:system/buttonText,text:FrameView"/>
           </FlexTouchView>
           <FlexTouchView onPress="onFrameView" layout="@:system/button" attr="@:system/buttonAttr,alpha:0,userInteractionEnabled:false">
               <UILabel
               attr="@:system/buttonText,text:FrameView"/>
           </FlexTouchView>
       </UIView>

    </FlexScrollView>
</UIView> 
